,smiles,time,real_reward,atom_type,buried_vol,max_spin,atom_index,IE,EA,BDE,V_diff
203414,COCC([C](O)O)=C(SC)C1=C(C)CC1,2020-10-21 14:38:26.504182,100.99272,C,63.531544,0.2507764,7,1.1225314,-0.2959575,74.72207641601562,1.418489
204996,CC(=O)[C](C(=O)C#CCO)N(C)CCO,2020-10-21 14:38:49.935324,100.654625,C,63.13936,0.24969472,3,0.8403625,-0.19496651,76.56230163574219,1.035329
219896,CCC([C](C(C)=O)C(N)=S)=C(O)C(C)=O,2020-10-21 14:43:58.610641,100.77502,C,65.02758,0.28505126,3,0.8811961,-0.20988995,73.83078002929688,1.091086
236387,CCN([C](C(C)=O)C(C)=C(C)O)C(C)=S,2020-10-21 14:50:49.664501,100.56711,C,69.192665,0.3725112,3,0.827935,-0.2169885,79.51801300048828,1.0449235
261523,CC[C](C(C)=O)N(C(C)(C)C)C(C)(C)O,2020-10-21 15:18:43.283425,100.77618,C,74.56997,0.47587588,2,0.92925715,-0.24382508,78.53284454345703,1.1730822
264796,CNC(=S)[C]1C(=O)SCCN1C(C)=O,2020-10-21 15:36:06.683092,103.69952,C,66.543236,0.25687435,4,1.14427,-0.27798727,47.679718017578125,1.4222572
334256,CCC(C)(C)C(C1=NOC1=O)=C(C)[CH]O,2020-10-22 09:49:45.833960,108.04072,C,72.705284,0.29329136,5,1.1589305,-0.20499134,74.85806274414062,1.3639219
412390,C=C(C)C1=C([CH]C)OC2=NC(=O)C2=C1N,2020-10-22 09:59:57.163836,100.18656,C,61.49188,0.22610638,3,1.022558,-0.38290775,77.84684753417969,1.4054657
423218,C=C(CC)C1=C[CH]C(OC)=C1OC(O)=S,2020-10-22 10:01:17.862863,102.70021,C,61.36985,0.17339277,10,1.1832099,0.15888606,69.15560913085938,1.0243238
486067,[CH2]C(CC)=C1C(=O)C(=O)ON=C1C1=CS1,2020-10-22 10:09:57.929430,100.65301,C,61.868187,0.22430363,4,1.0695472,-0.3892281,66.09867095947266,1.4587753
487565,CONC1=C([O])C(C(C)(N)N)=C1C(N)=S,2020-10-22 10:10:09.820290,101.371155,C,62.00484,0.21267375,6,0.8496658,-0.4394401,70.87535095214844,1.2891059
499093,C=C(C1=C(C#N)N2C[CH]C=C12)C(C)(C)N,2020-10-22 10:11:40.349645,100.01392,C,60.770924,0.21513997,2,0.8327878,-0.4142439,78.26940155029297,1.2470317
539117,[CH2]C(OO)=C(C1=C(O)C(=C)N1C)N(C)C,2020-10-22 10:18:21.793921,102.42231,C,63.57339,0.22302161,4,0.65808016,-0.3611533,78.63944244384766,1.0192335
540558,[CH2]C1=C(C(=S)C#N)N(CC)CC(C)=C1O,2020-10-22 10:18:36.885333,104.15302,C,65.79765,0.23289268,2,0.8832609,-0.35996413,78.94144439697266,1.2432251
541049,[CH2]C1=C(C(OC)=C(C#N)SC)C(CC)=C1,2020-10-22 10:18:41.081926,100.98905,C,61.441658,0.2090521,2,0.7382185,-0.2839337,75.11811828613281,1.0221522
541885,CN(C)C(=C(O)[CH]O)C(=C1CO1)N(C)C,2020-10-22 10:18:47.725845,100.90864,C,67.54891,0.33280554,3,1.0921218,-0.15238215,77.57605743408203,1.244504
547631,CON(C)C(=C(N)[O])C(C#N)=C(O)CN,2020-10-22 10:19:51.621456,101.50128,C,63.608482,0.24214402,4,0.51714534,-0.48423055,70.55291748046875,1.0013759
555989,COC(=C(C)N)C1=C([O])CCN1CSC,2020-10-22 10:21:18.090641,100.25978,C,66.31065,0.32101744,6,0.781045,-0.34099945,63.070167541503906,1.1220444
567926,CCN(C)[C](C(=O)OC)N(C)C(C)=NC,2020-10-22 10:24:05.609633,101.469124,C,66.68668,0.30435112,4,1.020225,-0.29480782,77.79788970947266,1.3150328
568839,COC(=O)[C](N(C)CCO)N(C)C(C)C,2020-10-22 10:24:14.108070,102.88419,C,69.65981,0.33551243,4,1.1221623,-0.2950531,79.35265350341797,1.4172155
571646,CCN(C)[C](C(=O)OC)N(C)C(C)(C)N,2020-10-22 10:24:39.168923,103.5669,C,71.64274,0.3615167,4,1.047807,-0.21465473,79.5593490600586,1.2624617
573216,CCN(SC)[C](C(=O)OC)N(C)C(C)C,2020-10-22 10:24:57.913054,102.59011,C,71.20644,0.3723266,5,1.1325884,-0.16785133,79.72894287109375,1.3004397
575506,[CH2]C(C(C)=O)=C1C(C)=CN(C)C(C)=C1C,2020-10-22 10:25:30.029914,102.372665,C,65.47507,0.262048,5,0.5649336,-0.44519854,78.27717590332031,1.0101321
577526,COC(=O)[C](N(C)C)N(C)[C@@H](C)C(C)C,2020-10-22 10:25:58.304751,100.95375,C,67.00773,0.32107955,4,1.10869,-0.2971491,78.98356628417969,1.4058391
581344,COC(=O)[C](N(C)C)N(C)C1(C)C=C1,2020-10-22 10:26:41.730351,100.676926,C,66.014626,0.30675393,4,0.97287184,-0.2870108,78.9481201171875,1.2598827
581525,CC=C(C)N[C](C(=O)OC)N(C)C(C)C,2020-10-22 10:26:43.604436,101.24475,C,63.063347,0.2363719,5,0.8621275,-0.37364236,70.14913940429688,1.2357699
581768,COC(=O)[C](N(C)C(C)=S)N(C)C(C)C,2020-10-22 10:26:45.858473,100.092926,C,67.13891,0.34091967,4,1.0665343,-0.2818783,79.62689208984375,1.3484125
585305,CCN(C)[C](C(=O)OC)N(C)[C@@H](C)CN,2020-10-22 10:27:27.532684,103.06252,C,69.38641,0.3264778,4,0.8482855,-0.3330772,79.07200622558594,1.1813626
585856,CCN(C)[C](C(=O)OC)N(C)C1(C)C=C1,2020-10-22 10:27:32.645908,103.79015,C,68.65209,0.29723883,4,0.9062648,-0.21272086,79.74398040771484,1.1189857
585910,CCCN(C)[C](C(=O)OC)N(C)C(C)C,2020-10-22 10:27:33.294987,101.93022,C,68.868004,0.33875567,5,0.77262837,-0.29820603,79.27647399902344,1.0708344
587691,COC(=C(C)[O])C(O)=C(C(=N)N)N(C)C,2020-10-22 10:27:50.622293,103.11607,C,64.11556,0.21998973,8,1.0398915,-0.056253202,72.02156829833984,1.0961447
587742,CCN(C)[C](C(=O)OC)N(C)C(C)(C)C,2020-10-22 10:27:51.253589,105.24482,C,71.93957,0.333895,4,1.052326,-0.21291946,79.04407501220703,1.2652454
587846,CCN(C)[C](C(=O)OC=O)N(C)C(C)C,2020-10-22 10:28:04.185135,104.19429,C,68.98821,0.29587844,4,0.8658214,-0.45281112,78.45267486572266,1.3186326
587856,CCC(=O)C1=C2C(N)=CC([O])=C2SC1=O,2020-10-22 10:28:06.285703,100.077126,C,57.50341,0.14852574,4,0.7019532,-0.42890903,67.28756713867188,1.1308622
588186,CCN(CO)[C](C(=O)OC)N(C)C(C)C,2020-10-22 10:28:04.064442,100.40324,C,69.383995,0.37961516,5,1.111397,-0.24319927,79.683837890625,1.3545963
588200,CCN(C)[C](C(=O)OC)N(C)C(C)CN,2020-10-22 10:28:07.055646,102.681694,C,69.55569,0.33747986,4,1.0447156,-0.21690856,79.15068817138672,1.2616242
588454,CCC(C)N(C)[C](C(=O)OC)N(C)CC,2020-10-22 10:28:06.817701,102.818855,C,69.222595,0.32807475,6,0.9629662,-0.25454876,79.06127166748047,1.217515
588555,CC1=CC([O])=C2SC(=O)C(C(C)(C)N)=C12,2020-10-22 10:27:53.150249,100.01593,C,65.603386,0.3117492,9,0.74712634,-0.37693006,72.4453125,1.1240563
588617,COC(=O)[C](N(C)C(C)C)N(C)C(C)C,2020-10-22 10:28:05.322232,101.85673,C,69.17199,0.34630522,4,1.1880062,-0.20435725,79.14482879638672,1.3923634
588701,CCN(C)[C](C(=O)OC)N(C)C(C)CO,2020-10-22 10:28:05.149593,103.168625,C,69.8016,0.33265942,4,1.1420989,-0.21692806,79.22521209716797,1.3590269
588869,CCOC(=O)[C](N(C)CC)N(C)C(C)C,2020-10-22 10:28:04.695161,101.96183,C,68.955696,0.3398773,5,0.9377939,-0.230666,79.4877700805664,1.1684599
588874,CCN(CN)[C](C(=O)OC)N(C)C(C)C,2020-10-22 10:28:05.803267,101.23158,C,69.84924,0.37235314,5,1.0542643,-0.12251795,79.56486511230469,1.1767823
588962,CCN(CC)[C](C(=O)OC)N(C)C(C)C,2020-10-22 10:28:06.645837,102.75421,C,70.366005,0.35223585,5,1.1009829,-0.19280985,79.23741149902344,1.2937927
589047,CCN(C)[C](C(=O)OCO)N(C)C(C)C,2020-10-22 10:28:06.428862,102.169426,C,68.98071,0.33622572,4,1.1056249,-0.23498514,79.58699035644531,1.34061
589379,CCN(C)[C](C(=O)OC)N(C)C(C)(C)O,2020-10-22 10:28:04.509379,102.4009,C,70.415985,0.3603017,4,1.0202456,-0.2331199,79.99305725097656,1.2533655
590178,COC(=O)[C](N(C)C(C)C)N1CC[C@@H]1C,2020-10-22 10:28:18.222268,100.82305,C,65.66596,0.2968582,4,0.8476639,-0.4338951,79.42013549804688,1.281559
595692,COOC(=C(N)S)c1c([O])c(N)cn1C,2020-10-22 10:29:23.288617,102.2997,C,61.912304,0.1922521,7,1.0204992,-0.07027433,73.31712341308594,1.0907736
596370,CCN(CCOC)[C](C(=O)OO)N(C)C,2020-10-22 10:29:32.838112,101.69889,C,67.84774,0.32297704,7,1.1294854,-0.23406355,78.9852066040039,1.3635489
600533,CCN(C)[C](C(=O)OC)N(O)C(=O)C=O,2020-10-22 10:30:35.580680,102.86048,C,64.099655,0.22478347,4,0.9406469,-0.43660033,77.22227478027344,1.3772472
601399,C=C(C)C1=C([CH]C)C(=S)C(=O)C(=S)N1O,2020-10-22 10:30:49.393223,101.258545,C,63.03221,0.23547329,3,1.075026,-0.13013975,76.97428131103516,1.2051657
605164,[CH2]C(O)=C1C(OC)=C(C)C=C2CC=CN21,2020-10-22 10:31:38.630876,100.779495,C,61.47454,0.21390085,3,0.75107485,-0.43425158,79.50897216796875,1.1853265
606529,CC[C](C(N)=S)C(=S)C(=O)C(=O)NOC,2020-10-22 10:31:57.518025,101.24947,C,63.44729,0.24395627,2,0.8655501,-0.34307942,68.69640350341797,1.2086295
607047,CON(CCO)[C](C(=O)O)N(C)C(C)C,2020-10-22 10:32:04.650181,100.49238,C,68.17542,0.35366094,6,1.1922758,-0.20688322,77.42330932617188,1.399159
618441,CC([O])=C(C(OC=O)=C(O)NN)N1CC1,2020-10-22 10:34:27.003328,101.799225,C,63.0592,0.22519952,3,1.0904105,-0.13742687,65.07276153564453,1.2278373
626490,CC([CH]OO)=C1C(=O)CNC(C)=C1CN,2020-10-22 10:36:22.837971,101.366425,C,63.206467,0.2368009,5,1.1406529,0.09576901,74.58086395263672,1.0448838
635723,CCN(C)[C](C(=O)ONC)N(C)C(C)C,2020-10-22 10:38:17.182199,103.02243,C,69.44584,0.32846814,4,1.033917,-0.22123826,78.48197937011719,1.2551552
635902,CON(C)C(=O)C(=S)[C](C(O)=S)C(C)C,2020-10-22 10:38:18.725904,101.41668,C,68.71936,0.3460536,8,1.0170906,-0.381326,79.88355255126953,1.3984165
639754,CCC([NH])=C1C(O)=C(O)C=CN1C(C)C,2020-10-22 10:39:17.371356,105.15343,C,65.60013,0.208934,4,0.8404932,-0.27863348,76.19378662109375,1.1191267
643038,COC(=O)[C](N(C)CS)N(C)CC(=O)O,2020-10-22 10:39:37.406095,100.65679,C,68.117195,0.34920806,4,1.0017867,-0.44868398,76.45674133300781,1.4504707
652507,CCN1NC=C(C)C([NH])=C1C(O)=C(C)O,2020-10-22 10:42:14.118369,100.42417,C,63.122295,0.25396243,9,1.1426537,-0.12150743,77.6553955078125,1.2641611
652901,CC1=C(C)C(C(N)=O)=C(C)C(C)=C([NH])O1,2020-10-22 10:42:19.686838,100.7816,C,61.7269,0.21890597,4,1.0467999,-0.2155114,78.65876770019531,1.2623113
653184,CCN1NC=CC([NH])=C1C(OC)=C(C)O,2020-10-22 10:42:23.669080,104.484,C,64.8602,0.20752403,8,1.0583494,-0.002201208,77.94975280761719,1.0605506
653311,CCN1NC(N)=CC([NH])=C1C(O)=C(C)O,2020-10-22 10:42:25.159571,101.62051,C,62.701096,0.22161181,9,1.1724875,0.005748472,79.46517944335938,1.166739
653577,CC(O)=C(O)C1=C([NH])C(NN)=CNN1C,2020-10-22 10:42:28.235605,101.67238,C,62.36342,0.21382073,5,1.0206876,-0.1477854,77.28482818603516,1.168473
653621,CC(O)=C(O)C1=C([NH])C(N)=C(C)NN1C,2020-10-22 10:42:28.750435,101.04769,C,62.185356,0.2227533,5,1.1671178,-0.08101646,78.73135375976562,1.2481343
653776,COC(=C(C)O)C1=C([NH])C=CNN1C,2020-10-22 10:42:30.632406,101.9688,C,63.77951,0.23621418,6,1.118885,0.0036512231,77.92536926269531,1.1152338
654181,COC(=C(C)O)C1=C([NH])C(O)=CNN1C,2020-10-22 10:42:34.129043,104.37907,C,63.738976,0.18719812,6,1.1395345,-0.16799957,75.7410659790039,1.307534
654201,CCOC(=C(C)O)C1=C([NH])C=CNN1C,2020-10-22 10:42:34.313352,101.59506,C,63.545246,0.23900372,7,1.1109943,-0.004310974,77.92536926269531,1.1153053
654220,COC(=C(C)O)C1=C([NH])C=C(C)NN1C,2020-10-22 10:42:34.472491,101.61515,C,63.524963,0.23819622,6,1.1008809,-0.080174185,77.75563049316406,1.1810551
654362,CCC(O)=C(OC)C1=C([NH])C=CNN1C,2020-10-22 10:42:36.122799,102.13544,C,64.23244,0.24193993,7,1.1949596,0.03122329,77.92536926269531,1.1637363
654429,COC(C)=C(OC)C1=C([NH])C=CNN1C,2020-10-22 10:42:36.950380,103.377266,C,64.17392,0.21593304,7,1.124815,-0.028319724,77.92536926269531,1.1531347
659332,[CH2]C(CO)=C(NOC)C1=C(C)C=C1O,2020-10-22 10:43:49.296419,100.15243,C,59.87878,0.19452703,4,0.76884395,-0.23544896,79.32071685791016,1.004293
661492,COC(=C(C)O)C(=C([O])C(=N)N)N(C)C,2020-10-22 10:44:16.966757,104.68537,C,68.824455,0.28278166,6,1.0295534,-0.09355765,67.23941802978516,1.123111
662982,COC(=O)[C](N(C)CCO)N(O)CCO,2020-10-22 10:44:39.423459,100.52735,C,66.02428,0.30993852,4,1.1646245,-0.28550142,78.95005798339844,1.4501259
663890,CON(CCO)[C](C(=O)O)N(C)CCO,2020-10-22 10:44:51.599688,102.12022,C,68.70217,0.33163914,6,1.1424663,-0.26816836,74.77637481689453,1.4106346
665107,CCN(O)[C](C(=O)C(C)=O)C(C)=C(C)C,2020-10-22 10:45:03.179963,102.79292,C,67.976555,0.3036726,4,0.97776645,-0.0900738,78.54216766357422,1.0678402
666695,COC(=C(C)[O])C(=C(N)O)C1=C(N)S1,2020-10-22 10:45:25.449168,101.00097,C,60.77467,0.19547407,2,1.1597769,-0.19272436,77.8963394165039,1.3525013
667548,CCN(C)[C](C(=O)OC)N(C)C1(O)C=C1,2020-10-22 10:45:46.823014,101.0162,C,68.28707,0.3454175,4,1.0207522,-0.23173879,79.58818054199219,1.252491
676725,CNC(C)(C)C(=C([NH])O)C(OC)=C(C)O,2020-10-22 10:48:00.936733,102.370575,C,74.18834,0.43635535,5,0.65750146,-0.46394426,79.46556091308594,1.1214457
677720,CC=C(OC)C(=C([O])C(N)(N)S)N(C)C,2020-10-22 10:48:09.254630,107.71902,C,71.73443,0.28030825,5,0.9995124,-0.44393617,74.52201843261719,1.4434485
678982,CC(O)=C1OC(O)=C(C)C([NH])=C1N(C)C,2020-10-22 10:48:19.078922,101.22683,C,63.727448,0.25001237,11,0.98029256,-0.30688745,76.44144439697266,1.28718
679285,CCN1C=C(S)C(O)=C(OC)C1=C(C)[NH],2020-10-22 10:48:35.963838,103.08212,C,61.34182,0.16519397,8,0.5915896,-0.4934836,74.9889907836914,1.0850732
685370,C=C1CCC(=O)N(C)[C]1C(O)=C(C)OC,2020-10-22 10:50:36.929503,100.85481,C,65.21118,0.28712744,8,1.0348554,-0.22905536,76.30207061767578,1.2639108
685814,C=C1CCC(=O)N(C)[C]1C(OC)=C(C)O,2020-10-22 10:50:47.358401,100.832886,C,68.08616,0.34506547,8,1.0238099,-0.21029954,78.01861572265625,1.2341094
689483,COOC(=O)[C](N(C)C)N(C)C(C)(C)C,2020-10-22 10:52:03.656698,105.12966,C,69.76566,0.29272008,5,1.0999601,-0.2554605,79.18295288085938,1.3554206
690840,COC(C(C(=N)N)=C(C)O)=C([O])N(C)O,2020-10-22 10:52:36.452059,101.75573,C,63.31471,0.23117962,2,1.0113204,-0.32704362,65.51316833496094,1.338364
695724,CC=C(C)C(=O)[C](C(O)=C(C)O)N(C)C,2020-10-22 10:53:58.432587,103.07962,C,65.8531,0.25546965,6,0.6939045,-0.49338347,78.78376007080078,1.187288
696327,CCN(C)C1=C([NH])C(C)=COC1=C(C)O,2020-10-22 10:54:07.774278,103.0694,C,64.319565,0.22500336,4,0.9918733,-0.35312447,76.04928588867188,1.3449978
696330,CC(O)=C1OC(C)=C(N)C([NH])=C1N(C)C,2020-10-22 10:54:07.843471,103.8572,C,63.568275,0.19422153,11,0.87689924,-0.37684423,78.46317291259766,1.2537434
696347,CC(O)=C1OC(C)=C(C)C([NH])=C1N(C)C,2020-10-22 10:54:08.264511,100.05132,C,63.832207,0.27561766,11,0.9690883,-0.2719704,76.8980712890625,1.2410587
696375,CC(O)=C1OC(C)=C(O)C([NH])=C1N(C)C,2020-10-22 10:54:08.674794,102.23179,C,63.464005,0.22464435,11,1.0058181,-0.30244577,75.6249008178711,1.3082639
696400,CC(O)=C1OC=C(CO)C([NH])=C1N(C)C,2020-10-22 10:54:09.009235,100.76862,C,64.1206,0.2670395,11,0.9213615,-0.4409507,76.29435729980469,1.3623122
696427,CC1=COC(=C(O)CO)C(N(C)C)=C1[NH],2020-10-22 10:54:09.303065,102.060074,C,64.06152,0.24002893,9,0.98653233,-0.30781505,76.0208740234375,1.2943474
696577,CCC1=COC(=C(C)O)C(N(C)C)=C1[NH],2020-10-22 10:54:11.841132,101.64452,C,64.33913,0.25389203,9,0.9606821,-0.37242937,76.17951202392578,1.3331115
696669,CC(O)=C1OC(N)=C(O)C([NH])=C1N(C)C,2020-10-22 10:54:13.157616,106.02129,C,63.42766,0.14812735,11,0.95394784,-0.3383727,75.61197662353516,1.2923205
696731,CCC(O)=C1OC=C(C)C([NH])=C1N(C)C,2020-10-22 10:54:13.890928,101.531,C,64.06141,0.25060827,11,0.94141716,-0.39595374,76.06421661376953,1.3373709
697018,C=CC(O)=C1OC(C)=CC([NH])=C1N(C)C,2020-10-22 10:54:18.076879,100.09672,C,63.34429,0.2649515,11,0.8800502,-0.14143647,76.5256118774414,1.0214866
697365,CC1=CC([NH])=C(N(C)C)C(=C(O)CN)O1,2020-10-22 10:54:22.495503,100.60499,C,63.66835,0.26126722,5,0.8230621,-0.4533458,76.5256118774414,1.276408
698220,CON(C)C(=C(C)[O])C(=C(N)O)N(C)C,2020-10-22 10:54:25.697481,102.52537,C,69.20121,0.3335169,4,0.73192555,-0.4935857,70.81324768066406,1.2255113
700300,CC([O])=C1C(C)=C(C)N(O)OC1=C(C)O,2020-10-22 10:55:09.096557,100.10956,C,63.211662,0.26204214,3,0.90127295,-0.38451084,70.82560729980469,1.2857838
701274,COC([C](C(N)=S)N(C)C(C)C)=C(C)O,2020-10-22 10:55:25.823760,100.89275,C,67.93652,0.34087545,3,1.0250874,-0.11741016,78.98833465576172,1.1424975
704379,CCN1C=CSC([O])=C1C(OC)=C(C)O,2020-10-22 10:56:27.339710,102.61668,C,66.75995,0.28286546,8,0.80679244,-0.48321822,65.36155700683594,1.2900107
706421,[CH2]C1=C(N(C)C)C(OC)=C(O)C=C(C)N1,2020-10-22 10:57:15.308197,100.02423,C,62.40548,0.24762495,2,0.82624274,-0.3952087,79.82221984863281,1.2214514
707896,CC(C)=C1C=CCC(=C(N)O)C1=C(N)[O],2020-10-22 10:57:53.373717,103.13713,C,65.13724,0.24000207,11,0.7018443,-0.4751587,66.64302825927734,1.1770029
708844,COC([C](C(C)=O)N(C)C)=C(O)C(C)=O,2020-10-22 10:58:16.506183,101.16015,C,65.81422,0.29308128,3,0.8533873,-0.34707063,79.38422393798828,1.2004579
708882,COC(=O)[C](C(=S)C(O)=S)N(C)C(C)C,2020-10-22 10:58:17.525857,106.113556,C,67.434235,0.22641361,4,1.006098,-0.35944802,73.9677505493164,1.365546
710925,CC(C)N(C)[C](C(=O)O)N(C)c1cc1=S,2020-10-22 10:58:59.524154,103.39269,C,65.59796,0.24410535,5,0.8686909,-0.29758662,77.17724609375,1.1662775
711170,CCN(C)[C](C(=O)O)N(C)c1cc1=S,2020-10-22 10:59:03.075136,103.48363,C,65.316185,0.23665123,4,0.9934178,-0.295427,72.54571533203125,1.2888448
714996,COC([C](C(=O)C(C)=O)N(C)C)=C(C)O,2020-10-22 11:00:03.962709,102.501724,C,67.34993,0.29696417,3,0.8831393,-0.30602187,75.82853698730469,1.1891612
715051,CCCN(C)[C](C(=O)CO)C(=S)C(O)O,2020-10-22 11:00:05.036680,103.959694,C,65.741875,0.23564364,5,0.9329048,-0.16879532,79.27693939208984,1.1017001
716733,COC(=O)[C](N(C)C)N(C(C)=S)C(C)C,2020-10-22 11:00:35.099628,100.96362,C,67.93096,0.33934674,4,1.0444922,-0.29022235,79.63457489013672,1.3347147
717123,C=C(C)N1C=C(C)C(O)=C(O)C1=C(C)[O],2020-10-22 11:00:41.560937,100.35558,C,61.8974,0.23083638,11,1.0019102,-0.109844066,71.26338195800781,1.1117543
717604,CC=C([C](C(=S)OC)N(C)C)C(C)(C)C,2020-10-22 11:00:49.405089,106.49384,C,71.26682,0.29545954,3,1.0328665,-0.20656374,77.66822052001953,1.2394302
719521,C=C1CCC(=O)N(C)[C]1C(O)=C(O)CC,2020-10-22 11:01:19.531687,101.29601,C,65.3162,0.28040373,8,0.99108344,-0.21980354,76.65611267089844,1.210887
719537,CCC(=O)[C](C(=S)C(O)O)N1CC(C)C1,2020-10-22 11:01:19.761790,101.35082,C,64.237724,0.25773802,4,1.1241882,-0.07776026,75.48206329345703,1.2019484
719743,CCN(CC)[C](C(=O)CN)C(=S)C(O)O,2020-10-22 11:01:23.868637,105.1511,C,68.310234,0.2631826,5,1.1494489,-0.13430527,78.136474609375,1.2837541
720032,CC(=O)[C](C(=S)C(O)O)N1CC(C)(C)C1,2020-10-22 11:01:29.001031,101.37194,C,64.07085,0.25397813,3,0.8422544,-0.17425428,71.5899429321289,1.0165087
721263,CC=C(CCCN)[C](C(=S)OC)N(C)C,2020-10-22 11:01:50.089645,104.45418,C,68.703415,0.2849847,7,0.8967104,-0.36145705,78.93888092041016,1.2581675
722121,COC(=S)[C]([C@H](C(C)=O)N(C)C)N(C)C,2020-10-22 11:02:08.212722,100.093216,C,71.42588,0.42665327,4,0.979141,-0.33465624,74.06999969482422,1.3137972
722998,CON(C)C(=C(C)O)C(=C([NH])O)N(C)C,2020-10-22 11:02:31.602253,100.31744,C,68.21656,0.35798255,8,0.75217843,-0.4312327,75.11370849609375,1.1834111
723009,CC=C(C)[C](C(O)=S)N(C)C(=O)C(=O)O,2020-10-22 11:02:31.933415,100.04594,C,64.592026,0.29092178,4,0.7972482,-0.42229384,74.34089660644531,1.219542
723695,COC(=S)[C](C(C)=C(C)O)N(C)C(C)C,2020-10-22 11:02:47.929670,102.58367,C,70.02706,0.34886777,4,0.99406165,-0.090694286,77.81378936767578,1.0847559
723765,COC(C)=C(OC)C1=C([NH])SC=CN1C,2020-10-22 11:02:48.957525,103.96729,C,66.67572,0.25416857,7,1.1143332,0.025204502,78.91381072998047,1.0891286
725579,C=C1C=CC(O)=C(C(OC)=C([NH])O)N1C,2020-10-22 11:03:26.093808,100.97603,C,58.475544,0.1499903,7,0.8019729,-0.26263416,75.36328125,1.0646071
725966,CCN(CC)[C](C(=O)O)C(=S)C1=C(O)O1,2020-10-22 11:03:33.637580,101.06291,C,65.247955,0.2837008,5,1.1791453,-0.0974463,74.4312515258789,1.2765917
726176,CCN([C](C(=O)O)C(=S)C(O)=S)C(C)C,2020-10-22 11:03:38.094727,106.8255,C,68.59539,0.23539779,3,1.0984874,-0.15885924,76.73566436767578,1.2573466
728536,CCC(O)=C1C(=C([NH])O)N(C)C=CN1C,2020-10-22 11:04:17.888967,100.944626,C,63.35202,0.24814793,5,1.1143234,-0.09887371,73.9778060913086,1.2131971
729635,CC=C[C](C(O)=C(C)O)N(C)C(C)(C)C,2020-10-22 11:04:38.337890,100.241295,C,66.97402,0.3346545,3,0.902909,-0.2538212,79.37269592285156,1.1567302
729688,CCOC[C](C(=S)[C@@](C)(O)CC)N(C)C,2020-10-22 11:04:39.591272,101.75095,C,67.78371,0.3206551,4,0.9444783,-0.22081588,78.69381713867188,1.1652942
729703,CC=CC(=O)[C](C(OC)=C(C)O)N(C)C,2020-10-22 11:04:39.949974,102.40139,C,65.340935,0.25879082,5,0.7319492,-0.4932801,78.03900146484375,1.2252293
730506,CCN(C)[C](C(=O)OC)N(O)C(C)(C)C,2020-10-22 11:04:55.915399,101.08035,C,68.47874,0.34796765,4,1.1138129,-0.20309952,79.85088348388672,1.3169124
731651,CC[C@@](C)(O)C(=S)[C](NC(C)C)C(=O)O,2020-10-22 11:05:18.259479,100.43173,N,61.961155,0.23058844,8,0.77810925,-0.29046232,71.72611999511719,1.0685716
732554,CC1CN([C](C(=O)O)C(=S)C(C)(C)O)C1,2020-10-22 11:05:33.002314,101.48129,C,64.625175,0.26287767,4,0.9148207,-0.39035827,75.34048461914062,1.3051789
732607,CC[C@@](C)(O)C(=S)[C](C(=O)O)N1CCC1,2020-10-22 11:05:33.907847,102.54605,C,66.208694,0.27325293,7,0.81321084,-0.39642042,75.22233581542969,1.2096312
733184,CCN([C](C(=O)OOC)N(C)C)C(C)C,2020-10-22 11:05:44.601787,103.99472,C,69.72244,0.31455442,3,1.1174266,-0.2166127,79.30540466308594,1.3340393
735058,CC[C@H](C)N(C)[C](C(=O)OO)N(C)CC,2020-10-22 11:06:21.356362,104.83391,C,69.20167,0.28735512,6,0.82023376,-0.2386901,78.03341674804688,1.0589238
738498,COC1=C(N2CC2)C(=C(N)[O])N(C)C=C1,2020-10-22 11:07:45.706670,102.40849,C,63.26026,0.21703541,3,0.9948593,-0.47020987,58.50420379638672,1.4650692
739238,COC(C)=C(O)[C](C(C)=O)N(C)C(C)C,2020-10-22 11:08:01.816306,101.22991,C,66.63337,0.30806914,6,0.99539286,-0.22413683,79.64427185058594,1.2195296
742922,CCC(O)=C(OO)C1=C([NH])CCN1CC,2020-10-22 11:09:04.925695,105.47756,C,67.011345,0.23067568,7,0.82159543,-0.27569932,74.82205200195312,1.0972948
742928,C=C1OC([O])=C(CN)C(OC)=C1N(C)C,2020-10-22 11:09:07.328936,101.05259,C,65.108986,0.281128,11,1.105757,-0.22456591,60.04522705078125,1.3303229
744028,COC1=C(N)NC=C(C)C([O])=C1N(C)C,2020-10-22 11:10:05.660796,100.61703,C,59.289368,0.17344682,2,0.94731027,-0.36937287,63.614723205566406,1.3166832
745328,C=C1C(=C(C)[O])N(CC)C=C(O)N1CC,2020-10-22 11:10:56.052988,101.190636,C,62.76716,0.23153046,2,0.9447753,-0.17432489,76.23993682861328,1.1191002
745732,C=C1C(=C(C)[O])N(C(C)C)C=C(O)N1C,2020-10-22 11:11:07.678803,100.90827,N,63.067604,0.24318658,6,1.072351,-0.034689136,79.12711334228516,1.1070402
745826,C=COC1=C(NC)OCC([O])=C1N(C)C,2020-10-22 11:11:10.176624,101.63444,C,61.851864,0.20434852,11,0.7101487,-0.42015427,63.2827262878418,1.1303029
746769,CCN(C)C(=S)[C](OC)N(C)C(C)(C)C,2020-10-22 11:11:34.273350,105.91252,C,70.92205,0.30019054,6,1.0463166,-0.12880413,76.9214859008789,1.1751207
748006,COC1=C(O)NC=C(C)C([O])=C1N(C)C,2020-10-22 11:12:01.256662,103.085655,C,61.238792,0.1630628,11,1.026648,-0.368276,63.614723205566406,1.394924
748665,COC1=C(O)NC=C(S)C([O])=C1N(C)C,2020-10-22 11:12:12.575439,103.3609,C,61.05762,0.15393433,11,1.0248547,-0.34574512,65.72370910644531,1.3705997
748871,COC1=C(O)NC=C(O)C([O])=C1N(C)C,2020-10-22 11:12:16.741514,103.530045,C,61.02063,0.14981169,11,1.0439422,-0.40293545,63.37022018432617,1.4468777
749667,CCO[C](C(=S)OC)N(C(C)C)C(C)C,2020-10-22 11:12:36.175071,103.48522,C,71.504326,0.36038214,3,0.8542617,-0.21587889,75.09576416015625,1.0701406
753971,CO[C](C(=O)N(C)C)N(C(C)C)C(C)C,2020-10-22 11:14:10.552481,101.120544,C,71.084724,0.39928362,2,1.1390281,-0.3468507,79.57696533203125,1.4858787
756462,CO[C](C(C)=C(C)O)N(C(C)C)C(C)C,2020-10-22 11:15:05.467270,107.05178,C,72.94988,0.31796202,2,1.0291691,-0.19933684,77.44243621826172,1.228506
759385,COC(C)(C)C(O)=C([O])C(C)(C)N(C)C,2020-10-22 11:15:59.919777,103.06523,C,68.895454,0.31660452,5,1.0846095,-0.4947827,77.29219818115234,1.5793922
763406,C=C(O)C1=C(C)C=C([NH])N(C)C1=C(C)O,2020-10-22 11:17:43.559292,102.13124,C,65.49301,0.26723537,3,1.0595398,-0.09784133,79.17460632324219,1.1573812
765507,COC(N)=C(C(=C(C)[O])N(C)C)N1CC1,2020-10-22 11:18:34.505417,101.47023,C,67.819496,0.32698536,5,1.1949093,-0.21385045,68.61962127685547,1.4087598
767288,C=CC1=C(C)C(=O)C(=S)C([CH]O)=C1NC,2020-10-22 11:19:16.952064,100.53583,C,60.6007,0.20129752,12,0.7187795,-0.44606563,69.92127990722656,1.1648451
776458,COC(=O)[C](N(C)C)N(C(C)C)C(C)C,2020-10-22 11:22:49.897210,101.85846,C,71.01507,0.38313222,4,1.1790316,-0.2510235,78.79420471191406,1.4300551
779274,CCC(C)N(C)[C](C(=O)OO)N(C)CC,2020-10-22 11:24:16.568711,104.23231,C,69.25851,0.30052397,6,1.0842776,-0.1602552,78.05127716064453,1.2445328
779647,CCCN(C)[C](C(=O)OO)N(C)C(C)C,2020-10-22 11:24:26.867202,103.24599,C,68.858894,0.3122581,5,0.8942215,-0.20088369,78.38801574707031,1.0951052
783105,COC(C)(C)N(C)C(OC(C)C)=C(C)[NH],2020-10-22 11:25:49.638935,104.77049,N,70.22557,0.30910158,5,1.0867271,-0.4003775,77.03794860839844,1.4871047
783783,CCC1=C(C)N(C)CC(=N)C1=C(C)[CH]O,2020-10-22 11:26:03.039407,100.30773,C,64.40371,0.28191954,10,0.84016174,-0.4384948,70.94700622558594,1.2786565
784781,CN[CH]C(SO)=C(C#N)N(C)C(C)(C)C,2020-10-22 11:26:18.655848,101.96503,C,65.4432,0.26956338,6,0.6326402,-0.41454405,65.55953979492188,1.0471842
784842,COC(C)=C(O)[C](C(N)=S)N(C)C(C)C,2020-10-22 11:26:19.589317,103.00252,C,66.79576,0.2758648,6,0.98874784,-0.14516914,79.82447814941406,1.133917
784999,CN[CH]C(SN)=C(C#N)N(C)C(C)(C)C,2020-10-22 11:26:23.039086,104.62973,C,65.76788,0.22276308,6,0.56481594,-0.45927912,64.89234924316406,1.024095
785011,CN[CH]C(SC)=C(C#N)N(C)C(C)(C)O,2020-10-22 11:26:23.226977,102.32691,C,65.261345,0.25868863,6,0.62583566,-0.44058448,67.83738708496094,1.0664201
785324,CCOOC(=O)[C](N(C)C)N(C)C(C)C,2020-10-22 11:26:28.197602,100.308975,C,66.00616,0.31394362,6,0.9757982,-0.22153918,78.61969757080078,1.1973374
785356,CO[C](C(O)=C(C)N)N(C(C)C)C(C)C,2020-10-22 11:26:28.774871,103.33161,C,70.7985,0.3493378,2,1.1739066,-0.08387763,78.66691589355469,1.2577842
785778,CC=CN(C)[C](C(=O)OC)N(CC)CC,2020-10-22 11:26:35.398394,102.07256,C,65.64968,0.27154234,5,0.8489656,-0.46549016,78.124267578125,1.3144557
787852,CO[C](C(C)=C(N)O)N(C(C)C)C(C)C,2020-10-22 11:27:19.062632,103.62404,C,72.73416,0.3822025,2,1.0458813,-0.11082951,76.70869445800781,1.1567107
802521,C=C1C(=O)C=C(O)C(C(C)(C)O)=C1[CH]C,2020-10-22 11:33:04.722805,104.40154,C,68.91177,0.2902046,7,1.0527122,-0.21906228,79.38538360595703,1.2717745
806928,CC(C)[C](C1=C(C(C)(C)N)O1)C(C)(C)C,2020-10-22 11:34:40.193134,103.705666,C,70.27486,0.33138388,3,0.87676173,-0.24948756,79.91571807861328,1.1262493
818771,CCN[C](C)C(C)=C(C(C)=O)C(C)(C)O,2020-10-22 11:40:08.755483,105.92977,C,71.06054,0.30261537,7,0.714945,-0.31657046,79.84313201904297,1.0315155
819446,C[C](C1=C(C(C)=O)[C@](C)(O)CC1)N(C)C,2020-10-22 11:40:02.410952,101.733795,C,67.69696,0.3192633,3,0.99826723,-0.29617137,79.7812728881836,1.2944386
820362,COC1=C(C)NC=C(O)C([O])=C1N(C)C,2020-10-22 11:40:42.917490,101.74292,C,61.09059,0.18695347,11,1.040096,-0.35607484,63.37022018432617,1.3961709
827596,C=C1OC([NH])=C(C(OC)=C(C)O)N1CC,2020-10-22 11:43:50.564810,100.04959,C,64.24488,0.28390583,5,1.0922685,0.062434696,72.29731750488281,1.0298338
833491,CN(N)[CH]C=C(C(=S)N(C)O)C(C)(C)C,2020-10-22 11:46:08.070733,102.38223,C,69.032616,0.3330077,5,0.799866,-0.3852917,63.66075134277344,1.1851578
834549,CC=C(N)C(=C[CH]C#CCN)C(C)(C)C,2020-10-22 11:46:57.645581,103.60636,C,66.881386,0.2655005,4,0.64067584,-0.45081553,71.6400375366211,1.0914913
836256,CC(=N)CC(C)=C(C(N)=C[NH])C(C)(C)C,2020-10-22 11:47:43.620538,100.96047,C,64.945816,0.2797069,4,0.77577955,-0.42787683,75.8639907836914,1.2036564
843146,CO[C](C=C(C)O)N(C(C)C)C(C)(C)C,2020-10-22 11:51:11.371842,102.59391,C,71.372475,0.37557134,2,1.0253458,-0.46259904,77.527099609375,1.4879448
844469,CO[C](C(C)=O)N(C(C)C)C1CN(C)C1,2020-10-22 11:51:16.654215,100.59148,C,67.01817,0.32853392,2,1.0147777,-0.29062456,76.56980895996094,1.3054023
847507,COC(C)=C(OC)C(=C([NH])O)N1C=CC1,2020-10-22 11:53:16.033280,100.98898,C,63.97215,0.25966334,7,0.7677884,-0.46999592,73.9723892211914,1.2377844
848473,CON(C)[C](C(=O)O)N(CCN)CCO,2020-10-22 11:53:45.803730,101.34419,C,68.51229,0.34336197,4,0.9963085,-0.28369072,78.22850036621094,1.2799993
848625,CCC[C@]1(C)C(=O)C(=O)C2=C1C(C)=C[CH]2,2020-10-22 11:53:50.335055,104.2907,C,67.05217,0.2552293,10,0.65617085,-0.4999419,79.04605865478516,1.1561127
849993,C=C[CH]C1=C([C@](C)(O)CC)C=CCC1=O,2020-10-22 11:54:33.579033,104.6836,C,67.176216,0.24985233,4,0.8547252,-0.27112037,75.05630493164062,1.1258456
850982,COC1=C([O])C(=N)C(C(C)C)=C1N(C)C,2020-10-22 11:55:02.685679,102.84421,C,64.81957,0.23950727,7,0.8545142,-0.32478365,69.46466827392578,1.1792978
851116,CC([CH]C(=O)S)=C(C(C)(C)N)C(N)(O)O,2020-10-22 11:55:05.959482,110.23476,C,76.033485,0.3159745,6,0.7310782,-0.48853716,75.80020141601562,1.2196153
851714,CO[C](C(C)=C(C)O)N(C)C(C)(C)C,2020-10-22 11:55:23.291835,102.28528,C,70.75315,0.36935753,2,0.94519365,-0.22760558,79.86414337158203,1.1727992
851739,C=CNC(=C(O)COC)C(OC)=C(C)[O],2020-10-22 11:55:24.163455,100.07056,C,62.778645,0.25416175,9,1.0246804,0.0019467091,74.50638580322266,1.0227337
852533,CNC(O)=C(C(OC)=C(C)[O])C1=C(N)O1,2020-10-22 11:55:51.140303,101.88453,C,59.93356,0.16098063,5,0.5667097,-0.48592475,77.89633178710938,1.0526345
853219,CCN(C)C1(C(O)=C(C)[O])C(C)=C1C,2020-10-22 11:56:32.245751,100.17714,C,61.55494,0.22755595,5,1.1571977,-0.17746523,68.55513763427734,1.3346629
853301,CCC=C(C)[C](OC)N(C(C)C)C(C)C,2020-10-22 11:56:39.481644,103.05999,C,70.63154,0.35143098,5,1.1373198,-0.21828508,78.2097396850586,1.3556049
853386,CC(=CO)[C](O)N(C(C)(C)C)C(C)(C)C,2020-10-22 11:56:47.236539,101.4476,C,69.83457,0.36773947,4,0.9481449,-0.15715642,75.56773376464844,1.1053014
853642,CO[C](C(C)=C(C)N)N(C(C)C)C(C)C,2020-10-22 11:57:02.795218,107.07636,C,73.35697,0.32561225,2,0.92406106,-0.08883516,77.28994750976562,1.0128962
855652,CNC(=C(O)C#N)C(=C(N)[O])N(C)OC,2020-10-22 11:58:40.119234,104.264336,C,66.58144,0.24634214,7,0.590573,-0.4191404,66.38346099853516,1.0097134
856702,CC(O)=C(OC(O)=S)C(=C([NH])O)N(C)C,2020-10-22 11:58:54.373063,100.99443,C,67.42823,0.32867593,8,0.6399143,-0.3733623,73.72766876220703,1.0132766
858081,CCC([C](C(=O)O)N(C)C)=C(O)C(O)O,2020-10-22 12:00:09.831797,102.99877,C,66.61346,0.27229363,3,0.9775875,-0.2036352,76.78186798095703,1.1812227
863220,C=C(OC)[C]1C(C)=C(O)CCN1CC,2020-10-22 12:02:48.655185,100.3616,C,66.578415,0.3243362,4,1.1168716,-0.11593077,76.67320251464844,1.2328024
864306,CNC(=C(O)C#N)C(=C([NH])O)N(C)OC,2020-10-22 12:03:29.367257,103.45717,C,66.63402,0.26353693,7,0.7388371,-0.33126175,78.46693420410156,1.0700989
864705,CC=C(N)[C](O)N(C(C)(C)C)C(C)(C)C,2020-10-22 12:03:47.030147,101.01622,C,67.91984,0.33807233,4,0.93380946,-0.17112942,79.87018585205078,1.1049389
865073,CON(C)C(=C([NH])O)C(NC#N)=C(C)O,2020-10-22 12:03:57.428926,101.98051,C,66.1437,0.2832638,4,0.5846958,-0.49212706,78.4669418334961,1.0768229
867485,C=NC(C(=CCC)C(C)(C)C)=C(C)[CH]N,2020-10-22 12:05:43.636480,100.96676,C,68.241646,0.34549776,2,1.0591154,0.009705267,71.58246612548828,1.0494101
867955,CCN(C)C(C)(C)C(=C(C)[O])C(C)(C)O,2020-10-22 12:06:06.027515,101.90297,C,77.82481,0.5184368,7,0.9239252,-0.45630082,79.62201690673828,1.380226
868998,CC(N)=C(C(=C(C)[O])C(C)(C)C)[C@@H](C)N,2020-10-22 12:06:44.777448,107.90228,C,76.73383,0.37663102,4,0.54242,-0.4594612,76.38262939453125,1.0018812
871782,CC([O])=NC(C)=C(C(=N)N)C(C)(C)C#N,2020-10-22 12:08:54.365210,103.82598,C,68.48577,0.29319587,6,1.0789828,0.04825472,66.6808090209961,1.0307281
872663,C=CC(=C)C(=CC)C1=C(CC)[CH]CC1=C,2020-10-22 12:09:31.594726,104.61247,C,68.259865,0.27294788,7,0.681825,-0.41386175,78.02667999267578,1.0956867
873911,C=CC(=C)C(=CC)C1=C([CH]C)CCC1=C,2020-10-22 12:10:24.412985,101.894485,C,66.43874,0.2908851,7,0.7257296,-0.40683985,79.95694732666016,1.1325694
878606,[CH2]C(C(=N)N)=C(C=C(C)CO)C(C)(C)C,2020-10-22 12:13:31.113410,106.67436,C,71.95487,0.30561027,5,1.0100689,-0.13172616,79.5177993774414,1.141795
878765,C=CC(=C)C(=C)C1=C([CH]C)CC(C)=C1C,2020-10-22 12:13:38.283414,100.33972,C,64.95137,0.292233,6,0.8373701,-0.36608315,79.45293426513672,1.2034533
879326,[CH2]C(CC)=C1C(=C)C(=C)C=CC(C)=C1C,2020-10-22 12:13:58.760050,106.291046,C,64.8969,0.172117,4,0.85332274,-0.3163596,79.16368865966797,1.1696824
879739,C=CC(=C)C(=CC)C1=C([CH]C)CC=C1C,2020-10-22 12:14:20.380249,100.61532,C,65.93702,0.30643407,7,1.0011203,-0.10291571,79.89861297607422,1.1040361
879803,CC=C(C)C(=C([CH]N)C(=N)N)C(C)(C)C,2020-10-22 12:14:24.744627,109.804924,C,76.37445,0.3313906,4,0.9019062,-0.2000837,72.99264526367188,1.1019899
880685,CSC(=S)[CH]C(C)=C(C(=N)N)C(C)(C)C,2020-10-22 12:15:04.788824,107.42655,C,70.364365,0.2587563,7,1.1656027,0.112659894,79.42973327636719,1.0529428
880820,C=CC(=C)C(=C)C1=C([CH]CC)CC=C1C,2020-10-22 12:15:08.489178,100.22043,C,64.727974,0.29015088,6,1.1340189,-0.044830687,79.47466278076172,1.1788496
881024,C=CC(=CC)C(=C)C1=C([CH]C)CC=C1C,2020-10-22 12:15:16.383956,100.29821,C,64.92844,0.29260457,7,1.0055969,-0.18026198,79.5531997680664,1.1858588
885467,C=C1C([NH])=C1C(=C(C)N(N)N)C(C)(C)C,2020-10-22 12:17:19.191984,108.72583,C,70.303246,0.23154834,5,1.1032662,-0.14216577,78.44164276123047,1.245432
886959,C=C(N)C1=C(C)N=C([CH]S)CC1(C)C,2020-10-22 12:19:06.240327,108.45088,C,69.702644,0.22503528,3,1.132926,-0.098904856,74.43887329101562,1.2318308
887248,CCC([CH]N)=C(C(=S)N(C)O)C(C)(C)C,2020-10-22 12:19:28.281769,114.85761,C,76.62993,0.2354463,5,0.69335204,-0.4943003,74.138916015625,1.1876523
888293,C=C(N)C1=C(C)N=C([CH]O)C(=N)C1(C)C,2020-10-22 12:20:18.691371,106.01828,C,69.39674,0.26756933,3,1.0304961,-0.14234965,71.3178939819336,1.1728457
888969,CCN(C)C(=N)C(=C[C](C)N)C(C)(C)C,2020-10-22 12:20:58.041759,105.26825,C,70.937996,0.31339496,6,0.9505603,-0.15506132,70.1449203491211,1.1056216
889312,C[C](N)C=C(CN(C)C)C(C)(C)C(C)=O,2020-10-22 12:21:18.703209,104.00659,C,71.26176,0.34510335,4,0.7696622,-0.32574242,74.28475189208984,1.0954046
889912,C=NC(=CCC)C(=C(C)[CH]N)C(C)(C)C,2020-10-22 12:21:46.528390,106.10029,C,75.53121,0.38861847,6,1.123317,-0.022959806,75.00834655761719,1.1462768
893408,C=NC(=CCO)C(=C(C)[CH]N)C(C)(C)C,2020-10-22 12:25:04.221610,106.760994,C,75.6788,0.37835613,6,1.132268,-0.029934742,75.00834655761719,1.1622027
893937,CCNC=C([C](NC)C(C)=O)C(C)(C)C,2020-10-22 12:25:31.881296,100.17456,C,64.110306,0.27871487,5,0.5431853,-0.4899221,78.60581970214844,1.0331074
895021,C=C(O)C1=C(CC)N=C([CH]C)C(=O)C1=N,2020-10-22 12:26:29.976928,101.116714,C,61.55749,0.20881557,3,1.0892766,-0.24311481,79.95948028564453,1.3323914
896009,C=C1C([CH]C=O)=CC=CC(CC)=C1OC,2020-10-22 12:27:14.430121,101.00173,C,59.711533,0.17419606,12,0.91860527,-0.2834854,75.44249725341797,1.2020907
897446,CN[C](C(C)=O)C(=C(C)NO)C(C)(C)C,2020-10-22 12:28:10.952615,104.934845,C,67.51969,0.2516969,2,0.9251703,-0.09702789,74.65083312988281,1.0221982
898337,C=C(C)C1=C(CC)N=C([CH]C)C(=O)C1=N,2020-10-22 12:28:44.867685,104.13502,C,64.107635,0.19945234,3,1.1395862,-0.16528149,79.95948791503906,1.3048677
898478,C=C(C)C1=C(CC)N=C([CH]N)C(=O)C1=N,2020-10-22 12:28:49.260769,103.05307,C,64.1097,0.22113273,3,1.1319635,-0.18567182,66.63252258300781,1.3176353
898951,COC1=CNC(C)=C(N)C([O])=C1N(C)C,2020-10-22 12:29:05.894187,101.949394,C,60.65394,0.17409089,11,1.0085683,-0.43267372,67.79667663574219,1.441242
900133,C=NC(C(=CC)CC)=C([CH]N)C(C)(C)C,2020-10-22 12:29:53.728035,107.00206,C,71.56442,0.29124728,2,1.1103299,0.081978016,72.52991485595703,1.0283519
900421,CC=C(C)C(C)(C)C(C(=N)N)=C(C)[CH]N,2020-10-22 12:30:03.375378,105.61562,C,73.5858,0.35940355,7,0.8111726,-0.24564734,75.61189270019531,1.0568199
903633,C=C1NC(=N)C(C(C)(C)C(C)=O)=C1[CH]N,2020-10-22 12:32:54.495077,101.55397,C,68.99375,0.3487956,5,0.8361295,-0.36938635,75.05286407470703,1.2055159
906760,CC[CH]C=C(C(C)=C=C(C)N)C(C)(C)N,2020-10-22 12:35:29.929219,100.24891,C,66.125755,0.3175369,4,0.61858714,-0.44137076,76.71372985839844,1.0599579
907049,CC[C@@](C)(N)C(=C1C(C)=C1[NH])C(C)(C)C,2020-10-22 12:35:50.807663,109.07305,C,76.06216,0.33978218,5,0.9669242,-0.3105403,77.82567596435547,1.2774645
907366,CC(=N)C(=C([CH]N)N=C(C)N)C(C)(C)C,2020-10-22 12:36:08.866879,102.604706,C,70.50532,0.35801217,3,0.6033273,-0.49060285,73.16808319091797,1.0939301
909081,CC([NH])=C(C(=NN)C(=O)O)C(C)(C)C#N,2020-10-22 12:37:48.077534,108.941154,C,70.11135,0.22340396,3,0.74017,-0.42684656,76.89323425292969,1.1670165
909696,C=NC(C(C)=CC)=C([CH]N)C(C)(C)CO,2020-10-22 12:38:15.738386,102.26615,C,70.43672,0.36341134,2,1.131475,0.039419644,72.42771911621094,1.0920553
909866,CC=C(C(=N)N)C(=C(C)[CH]N)C(C)(C)C,2020-10-22 12:38:26.404907,112.06773,C,76.157745,0.28180027,6,0.79710037,-0.34725627,74.60201263427734,1.1443566
911300,C=NC([CH]N)=C(C(=S)N(C)C)C(C)(C)C,2020-10-22 12:40:10.693243,107.740555,C,74.0702,0.3265929,5,1.1820159,0.04615777,78.1128158569336,1.1358582
911660,C=NC(=C([CH]N)C(=O)C(C)C)C(C)(C)N,2020-10-22 12:40:37.424368,101.56416,C,68.877754,0.34627187,2,1.0254166,-0.050575532,63.650299072265625,1.0759921
913615,CC1=NC(C(=C(C)[CH]N)C(C)(C)C)=C1N,2020-10-22 12:42:51.427407,108.85831,C,69.865715,0.2201482,4,0.7729309,-0.36655185,71.18598937988281,1.1394827
915777,C[C](N)C(C)=C(C(=N)N(C)C)C(C)(C)C,2020-10-22 12:44:45.156259,109.87176,C,76.28085,0.32818192,5,1.0622897,0.0016024029,78.60633087158203,1.0606873
915841,CC(N)=NC(=C(C)[CH]N(C)O)C(C)(C)C,2020-10-22 12:44:48.375001,106.09209,C,72.7423,0.33300427,4,0.71986586,-0.4053197,78.84252166748047,1.1251855
916087,CC1=NC(C(=C(C)[CH]N)C(C)(C)C)=C1C,2020-10-22 12:45:00.241656,108.914734,C,69.46967,0.21109872,4,0.80061823,-0.45588267,71.18598937988281,1.256501
916797,[CH2]C(C(N)=NOC)=C(N=C)C(C)(C)CC,2020-10-22 12:45:35.529978,107.21513,C,72.44383,0.30457395,7,0.837101,-0.31332883,79.51235961914062,1.1504298
916943,CC[C@](C)(N)C(=C([CH]N)CO)C(C)(C)C,2020-10-22 12:45:45.525773,110.70792,C,83.03451,0.4465318,5,0.58262557,-0.47014582,77.56102752685547,1.0527713
917242,CCC([CH]N)=C(N=C(C)N)C(C)(C)CC,2020-10-22 12:46:04.813298,114.63335,C,78.437126,0.27607563,5,0.61932415,-0.48610926,73.33187866210938,1.1054335
918472,CN(C)[C](C(=O)O)C(=C(N)O)C(C)(C)C,2020-10-22 12:47:12.847267,101.962975,C,69.824165,0.35722384,3,0.89366436,-0.19682664,76.70538330078125,1.090491
918660,CC=C([C](C(=O)O)N(C)CC)C(C)(C)N,2020-10-22 12:47:23.093103,101.96068,C,69.90305,0.35884744,3,0.9650878,-0.23072378,79.69486236572266,1.1958115
920016,C=C(C)[CH]C=C(C(=O)CNC)C(C)(C)N,2020-10-22 12:48:18.249404,100.53122,C,64.82725,0.2859206,5,1.1995254,0.1782745,76.92353820800781,1.0212508
920069,CCC(C)(C)C(N=C1CC1)=C([CH]N)CN,2020-10-22 12:48:20.734304,111.23894,C,74.62262,0.26767367,5,1.1700678,-0.19245654,72.34358978271484,1.3625243
920352,CC1=NC(C(C)(C)C)=C([CH]N)CNC1,2020-10-22 12:48:35.002628,100.74143,C,67.9256,0.3436834,3,1.1746359,0.060758226,60.643165588378906,1.1138777
920446,CC(C)(C)C(N=C1CC1)=C([CH]N)CN,2020-10-22 12:48:39.653948,106.738464,C,70.06617,0.26655406,4,1.1622605,-0.198319,72.35254669189453,1.3605795
921497,CC(C)(C)C1=C([CH]N)C(=O)C[C@@]1(C)N,2020-10-22 12:49:23.544538,108.09775,C,76.37458,0.36553663,4,0.9951595,-0.47223973,76.57231903076172,1.4673992
922065,COC(=O)[C](C(=S)N(C)C)N(C)C(C)C,2020-10-22 12:49:42.615461,102.03721,C,66.73301,0.29391602,4,1.0620544,-0.26210517,79.28301239013672,1.3241596
923154,CN(O)CC(=C([CH]N)C(N)=S)C(C)(C)C,2020-10-22 12:50:40.227470,102.54429,C,73.49099,0.41893408,4,0.6765825,-0.47238857,78.00529479980469,1.1489711
923418,CC1=CC(C(=C[CH]N)C(C)(C)C)=CNC1,2020-10-22 12:50:58.548065,105.08088,C,66.68867,0.2321558,4,1.1286407,-0.22873308,70.82528686523438,1.3573737
923830,CC=NC(=C([NH])C(=O)CCC)C(C)(C)C,2020-10-22 12:51:21.760876,101.38656,C,67.236,0.31698886,3,0.77203244,-0.45904395,77.61298370361328,1.2310764
923916,COC(=O)[C](C(=S)N(C)N)N(C)C(C)C,2020-10-22 12:51:26.659137,102.055664,C,66.76826,0.29425183,4,0.8242162,-0.23757532,79.42774200439453,1.0617915
924185,COC(=O)[C](C(=S)N(C)O)N(C)C(C)C,2020-10-22 12:51:37.926978,100.930084,C,66.069496,0.3027882,4,1.0222173,-0.18457718,78.81482696533203,1.2067945
924917,C=CNC(=C)C(=C([O])C(=O)OC)N(C)C,2020-10-22 12:52:05.989741,101.14631,C,64.76734,0.27242061,5,0.98868454,-0.017544277,74.904296875,1.0062288
924989,CN(O)CC([CH]N)=C(C(=N)N)C(C)(C)C,2020-10-22 12:52:09.208451,101.45731,C,74.01902,0.4512342,7,1.0192842,-0.12789348,75.37998962402344,1.1471777
925658,COC(C)=C(C(=C([NH])O)N(C)O)N(C)C,2020-10-22 12:52:36.530710,100.18832,C,66.50953,0.32642418,5,0.8461208,-0.33040547,75.88088989257812,1.1765263
927447,CC=C(C)C1=C(C)C2=C([NH])C2=NC1(C)C,2020-10-22 12:53:43.878850,104.03075,C,71.05791,0.34054327,4,1.1713293,-0.16168223,76.79678344726562,1.3330115
930252,C=CC(=C)C1=C([CH]N)C(=C)C(C)=C1CC,2020-10-22 12:55:34.526021,101.29862,C,62.501217,0.22405197,4,0.7807526,-0.39318514,72.38948822021484,1.1739378
932127,C=NC(CC(N)=S)=C([CH]N)C(C)(C)CC,2020-10-22 12:56:44.025863,103.69186,C,67.45049,0.2751728,2,1.051311,-0.03362418,73.6076431274414,1.0849352
932427,C=NC(=C([CH]N)C(=C)CC)C(C)(C)CO,2020-10-22 12:56:55.862579,109.23593,C,73.56574,0.2865963,2,1.1928964,0.021302693,79.12055969238281,1.1715937
932798,C=C(CN)C1=C(CC)C(C(C)=CC)=C[CH]1,2020-10-22 12:57:12.169631,100.17845,C,59.100586,0.17844266,8,0.9388469,-0.18206735,74.82504272460938,1.1209142
933170,[CH2]C(C(N)=NO)=C(N=C)C(C)(CC)CC,2020-10-22 12:57:33.498080,109.59602,C,74.679535,0.30167022,6,0.8722528,-0.31613013,79.22256469726562,1.188383
933253,CC(=NC(=C(C)[CH]N)C(C)(C)C)C(=N)N,2020-10-22 12:57:41.157898,107.338844,C,70.53942,0.2640115,3,0.9241688,-0.25961906,71.11862182617188,1.1837878
933504,CC(N)=NC(=C([O])C(=N)CN)C(C)(C)C,2020-10-22 12:58:00.527131,104.01951,C,69.345604,0.30652198,4,0.7038773,-0.48176658,74.38614654541016,1.1856439
933674,CONC(=N)C(=C(C)[CH]N)C(C)(C)C,2020-10-22 12:58:15.456040,102.39459,C,70.65978,0.36530375,5,0.868278,-0.47217458,75.11430358886719,1.3404527
934881,CC(N)=NC(=C[CH]C(=N)N)C(C)(C)CN,2020-10-22 13:00:01.407744,103.58476,C,67.47202,0.27774516,4,0.76486146,-0.30793905,75.6097412109375,1.0728005
934896,CCC(C)(C)C(=C[CH]C(=N)N)N=C(C)N,2020-10-22 13:00:02.627761,104.59013,C,68.57148,0.27962697,5,0.83530533,-0.2246321,75.6097412109375,1.0599375
934940,CC(N)=NC(=C[CH]C(=N)N)C(C)(C)CO,2020-10-22 13:00:05.202953,103.16002,C,67.29617,0.28272307,4,0.8978971,-0.2309675,75.6097412109375,1.1288646
934955,CCC(N)=NC(=C[CH]C(=N)N)C(C)(C)C,2020-10-22 13:00:06.186619,101.29814,C,64.85401,0.27111745,5,1.0215013,-0.15020685,75.55542755126953,1.1717081
935249,CCC(N)=NC(=C(C)[CH]N)C(C)(C)CN,2020-10-22 13:00:36.108662,107.40868,C,74.24723,0.33677098,5,0.73614544,-0.43060532,70.99821472167969,1.1667508
935318,CCC(=N)C(=C([CH]N)CSC)C(C)(C)N,2020-10-22 13:00:42.371656,102.55873,C,74.358345,0.43599227,4,1.1188643,-0.25500044,74.82418060302734,1.3738648
935747,CSCC(C)(C)C(N=C(C)N)=C(C)[CH]N,2020-10-22 13:01:17.256059,107.86843,C,73.975845,0.32214835,6,0.6231407,-0.46600112,70.99821472167969,1.0891418
938165,CC[C@](C)(C(=NN[O])C(C)(C)C)N(C)C,2020-10-22 13:03:34.651729,112.54978,C,80.22384,0.35348114,4,1.0726991,-0.34028423,74.08433532714844,1.4129833
938308,CCN[C@](C)(CC)C(=NN[O])C(C)(C)C,2020-10-22 13:03:41.053169,110.773224,C,77.36455,0.33182654,7,0.8130413,-0.40520608,74.08433532714844,1.2182474
942401,COC(C)=C(O)C1=C([NH])C(N)=CNN1C,2020-10-22 13:08:29.331992,102.739044,C,62.396507,0.19314925,6,1.1259813,-0.13028549,76.68243408203125,1.2562668
944382,CCN(C)[C](C(C)=O)N(C(C)C)[C@@H](C)O,2020-10-22 13:10:03.183538,106.895164,C,74.18324,0.34576157,4,1.1598155,-0.0109192515,78.78729248046875,1.1707348
949184,CCC(=N)C(=C[O])C(=C(C)N)C(C)(C)C,2020-10-22 13:14:49.615532,101.37094,C,66.515175,0.3028847,4,0.84194916,-0.33639193,77.17961120605469,1.1783412
950901,CC[C@@](C)(C(=NN[O])C(C)(C)C)N(C)C,2020-10-22 13:16:34.459600,113.52845,C,79.562355,0.3206781,4,0.9948535,-0.45918596,74.11156463623047,1.4540395
951281,[CH2]C1=C(C(=S)NC)N(CC)C[C@@]1(C)CC,2020-10-22 13:16:52.766763,100.80487,C,69.32309,0.37036437,2,1.0753906,-0.12953751,78.14478302001953,1.204928
951429,[CH2]C(NO)=C(C=C(C)N=O)C(C)(C)CC,2020-10-22 13:16:59.779699,105.368195,C,72.46322,0.3419005,4,0.97399986,-0.3140345,79.7874526977539,1.2880343
952578,[CH2]C(NC)=C(CO)C(C)(C)C(=S)C(N)=O,2020-10-22 13:17:33.792281,106.39535,C,70.43829,0.28085893,4,0.7537412,-0.39834717,64.50415802001953,1.1520884
953099,CCN[C@@](C)(CC)C(=NN[O])C(C)(C)C,2020-10-22 13:17:57.455163,112.54984,C,76.94673,0.2879378,7,0.7545833,-0.40741432,74.11156463623047,1.1619976
953121,CCC[C@](C)(NC)C(=NN[O])C(C)(C)C,2020-10-22 13:17:58.153226,110.78512,C,77.415886,0.33261538,7,0.8107889,-0.32119775,74.08433532714844,1.1319866
953439,CN(O)CC(=C([CH]O)C(N)=S)C(C)(C)C,2020-10-22 13:18:10.252747,102.595215,C,73.24705,0.41303658,4,0.7567938,-0.4460312,76.2630615234375,1.2028251
953834,CCN(C)[C](C(=O)OC)N(CC)C(C)C,2020-10-22 13:18:33.039352,104.33297,C,71.252525,0.33839116,4,0.98843163,-0.17270173,79.33419799804688,1.1611334
954589,CC[C@](C)(N)C(=C[CH]N(C)C)C(C)(C)C,2020-10-22 13:19:02.126353,109.25536,C,77.39532,0.36279902,5,0.6861983,-0.34578806,73.94628143310547,1.0319864
963273,CC[C@](C)(N)C(=C(C)[CH]N)C(C)(C)CO,2020-10-22 13:29:56.343911,116.3785,C,83.14683,0.3353665,5,0.57737666,-0.48207086,77.0099105834961,1.0594475
964482,CCC(N)=NC(=C(C)[CH]N)C(C)(C)CC,2020-10-22 13:31:51.023804,110.243,C,76.3706,0.32255197,5,0.8375541,-0.39408872,70.99821472167969,1.2316428
964592,C=NN=C(CC)C(=C(C)[CH]N)C(C)(C)C,2020-10-22 13:31:59.063542,112.106514,C,74.61248,0.2501193,6,1.1007366,0.09982043,74.85694885253906,1.0009162
